{
  "제22대총선(2024)": {
    "bon": {
      "N": 14259,
      "obs": 257,
      "exp": 310.62,
      "lo": 274.475,
      "hi": 345.0
    },
    "sa": {
      "N": 3551,
      "obs": 4,
      "exp": 3.243333333333333,
      "lo": 0.0,
      "hi": 7.0
    }
  },
  "제21대총선(2020)": {
    "bon": {
      "N": 14330,
      "obs": 208,
      "exp": 273.38,
      "lo": 244.475,
      "hi": 304.525
    },
    "sa": {
      "N": 3485,
      "obs": 2,
      "exp": 5.036666666666667,
      "lo": 1.0,
      "hi": 9.524999999999977
    }
  },
  "제20대총선(2016)": {
    "bon": {
      "N": 13765,
      "obs": 203,
      "exp": 289.94,
      "lo": 258.475,
      "hi": 324.525
    },
    "sa": {
      "N": 3466,
      "obs": 32,
      "exp": 52.63333333333333,
      "lo": 39.475,
      "hi": 66.0
    }
  },
  "제19대총선(2012·사전前)": {
    "bon": {
      "N": 13470,
      "obs": 130,
      "exp": 158.79333333333332,
      "lo": 134.475,
      "hi": 184.04999999999995
    },
    "sa": {
      "N": 0,
      "obs": 0,
      "exp": 0.0,
      "lo": 0.0,
      "hi": 0.0
    }
  }
}