{"2026 지방선거(시도지사)|관내사전투표": [3558, 9, 10.1435, 4.0, 17.0, 0.6851574212893553], "2026 지방선거(시도지사)|선거일투표": [3558, 4, 5.3905, 1.0, 11.0, 0.7766116941529235], "2025 대통령선거|관내사전투표": [3554, 0, 19.938, 12.0, 29.024999999999864, 1.0], "2025 대통령선거|선거일투표": [3554, 6, 15.1555, 8.0, 23.0, 0.9985007496251874]}