{"제17대 (이명박·2007)": {"camp": "보수", "obs": 100, "exp": 204.4, "lo": 175.0, "hi": 229.52499999999998, "p": 1.0}, "제18대 (박근혜·2012)": {"camp": "보수", "obs": 55, "exp": 127.42, "lo": 107.475, "hi": 151.0, "p": 1.0}, "제19대 (문재인·2017)": {"camp": "진보", "obs": 289, "exp": 445.834, "lo": 405.475, "hi": 489.0, "p": 1.0}, "제20대 (윤석열·2022)": {"camp": "보수", "obs": 229, "exp": 301.226, "lo": 265.475, "hi": 333.525, "p": 1.0}, "제21대 (이재명·2025)": {"camp": "진보", "obs": 155, "exp": 225.856, "lo": 196.0, "hi": 255.52499999999998, "p": 1.0}}