{
  "제5회 지선(2010·사전前)": {
    "bon": {
      "N": 3469,
      "obs": 2,
      "exp": 2.26,
      "lo": 0.0,
      "hi": 6.0
    },
    "sa": {
      "N": 0,
      "obs": 0,
      "exp": 0.0,
      "lo": 0.0,
      "hi": 0.0
    }
  },
  "제6회 지선(2014)": {
    "bon": {
      "N": 3486,
      "obs": 1,
      "exp": 3.175,
      "lo": 0.0,
      "hi": 6.025000000000006
    },
    "sa": {
      "N": 3486,
      "obs": 45,
      "exp": 62.47,
      "lo": 47.95,
      "hi": 79.025
    }
  },
  "제7회 지선(2018)": {
    "bon": {
      "N": 3496,
      "obs": 2,
      "exp": 3.56,
      "lo": 1.0,
      "hi": 7.0
    },
    "sa": {
      "N": 3496,
      "obs": 8,
      "exp": 14.31,
      "lo": 7.0,
      "hi": 21.0
    }
  },
  "제8회 지선(2022)": {
    "bon": {
      "N": 3510,
      "obs": 4,
      "exp": 6.69,
      "lo": 1.9750000000000005,
      "hi": 11.025000000000006
    },
    "sa": {
      "N": 3510,
      "obs": 10,
      "exp": 9.795,
      "lo": 4.0,
      "hi": 16.0
    }
  }
}