{"2024 총통선거 (賴清德·민진당 승리)": {"N": 17795, "obs": 2395, "fullvec": 5, "avg": 783.7879179544816, "exp": 3779.214, "lo": 3655.475, "hi": 3918.1, "p": 1.0}, "2020 총통선거 (蔡英文·민진당 승리)": {"N": 17226, "obs": 815, "fullvec": 16, "avg": 830.1950539881574, "exp": 1362.498, "lo": 1293.475, "hi": 1435.0, "p": 1.0}}